{"lastSavedDate":"28.09.2021","saveIndex":1,"playerData":{"currentHP":25,"maxHP":60,"damage":5,"position":{"x":112.03730010986328,"y":-29.821365356445314,"z":0.0},"abilities":[true,true]}}