{"lastSavedDate":"30.09.2021","saveIndex":3,"playerData":{"currentHP":11,"maxHP":60,"damage":5,"position":{"x":112.45416259765625,"y":-29.82137107849121,"z":0.0},"abilities":[true,false]}}