{"lastSavedDate":"28.09.2021","saveIndex":2,"playerData":{"currentHP":25,"maxHP":60,"damage":5,"position":{"x":112.03730010986328,"y":-29.821369171142579,"z":0.0},"abilities":[true,true]}}