{"lastSavedDate":"28.09.2021","saveIndex":0,"playerData":{"currentHP":25,"maxHP":60,"damage":5,"position":{"x":112.44789123535156,"y":-29.821369171142579,"z":0.0},"abilities":[true,false]}}